"baseMean","log2FoldChange","lfcSE","stat","pvalue","padj","gene_id"
508.170232439755,-3.69266017614538,0.190185627169419,-19.4160843335229,5.64321511382162e-84,6.31362906934363e-81,"ENSG00000162692"
2649.85014895882,-2.52817436865543,0.1344301160413,-18.8066070543205,6.66707120290067e-79,6.58157581923994e-76,"ENSG00000178695"
25136.3075719089,-1.91166968412362,0.105748085620587,-18.0775819524761,4.78614978254117e-73,4.22742977108452e-70,"ENSG00000107562"
1365.17398590702,-1.81454304088636,0.100483689495171,-18.0580853470111,6.8145516584653e-73,5.71809029661824e-70,"ENSG00000148848"
313.689977800113,-2.7562425815189,0.154888334478024,-17.7950301474122,7.72258138369368e-71,6.17144575148321e-68,"ENSG00000146250"
884.745882993046,-1.75625634965653,0.0997092811829416,-17.6137700404663,1.93141688244543e-69,1.47331991459997e-66,"ENSG00000106976"
1216.6020649876,-2.18850401460561,0.125426845835392,-17.4484497320276,3.53702881624308e-68,2.47326739975797e-65,"ENSG00000163394"
1281.46865801595,-2.41198994043759,0.140805776963687,-17.1299075396574,8.87957189118505e-66,5.13851639578854e-63,"ENSG00000124766"
333.214688163837,-3.04184014365038,0.191371491564759,-15.8949492360572,6.8684077211535e-57,3.20182273267772e-54,"ENSG00000105989"
100990.694351515,-1.30494632222013,0.0854759825437171,-15.266818624199,1.27230586891857e-52,5.20776514443693e-50,"ENSG00000108821"
2018.16368824202,-1.23994356407928,0.0820420204473438,-15.1135181376366,1.31905100049991e-51,5.03098042963397e-49,"ENSG00000145685"
756.366829107728,-1.57290357012438,0.104277461287329,-15.0838306831268,2.06907799537718e-51,7.54853628661301e-49,"ENSG00000172986"
799.568584106461,-2.50719250886751,0.169059462082563,-14.8302406619694,9.33975154236776e-50,2.95735302611351e-47,"ENSG00000138316"
740.410803126942,-2.1249159454369,0.14523337267992,-14.6310445473163,1.78032715475277e-48,5.43226369292019e-46,"ENSG00000131389"
370.82982255279,-2.19734226905141,0.152138236321886,-14.4430639014533,2.77238681916836e-47,7.62724518021039e-45,"ENSG00000103742"
2754.96812806571,-1.83356226731431,0.127342043518619,-14.398718731463,5.27116643946361e-47,1.42678572882384e-44,"ENSG00000112837"
435.712716722131,-2.55248049813862,0.182762090274125,-13.9661375852626,2.50867532052415e-44,6.37887715591458e-42,"ENSG00000136999"
4615.74006753287,-1.1511178200637,0.0827635506741512,-13.9085117867377,5.623742946166e-44,1.38790667827291e-41,"ENSG00000227051"
2906.3410530882,-1.80754258699,0.130787568217311,-13.820446481478,1.91876048019212e-43,4.66675918530204e-41,"ENSG00000134363"
229.640742740425,-2.22924527090687,0.161327145186037,-13.8181659902069,1.98051624208998e-43,4.74814622496487e-41,"ENSG00000196517"
8020.52881680403,-1.00797840595785,0.0731177140683282,-13.7856936421165,3.10765142432765e-43,7.34543749338966e-41,"ENSG00000124762"
677.213238740759,-1.86376488899956,0.137305880638074,-13.5738169431524,5.72607857725546e-42,1.23198782927566e-39,"ENSG00000106484"
386.415162103212,-2.37428187003868,0.17517468312323,-13.5537957181201,7.52368014184769e-42,1.59825822962643e-39,"ENSG00000126016"
451.004765299293,-1.8685332282108,0.138568489707447,-13.4845463940304,1.92847879220164e-41,3.94679647447902e-39,"ENSG00000130513"
244.497326184804,-2.88290651160464,0.21848977109767,-13.1946978438451,9.41315435721603e-40,1.79513132298636e-37,"ENSG00000013293"
6850.26951693182,-1.17882777604228,0.0909256953936179,-12.9647375358432,1.93892932071716e-38,3.46160764471016e-36,"ENSG00000138735"
4767.14944686345,-1.3237680664177,0.103195277978322,-12.8277968948907,1.14576052696727e-37,1.98228383129533e-35,"ENSG00000101825"
25853.6620173955,-1.00145985065131,0.0782627565419504,-12.7961228929434,1.72343200362799e-37,2.95128937600866e-35,"ENSG00000162407"
1115.80003263854,-1.72107353935233,0.137169227300754,-12.5470819747256,4.12430126721979e-36,6.59181179680786e-34,"ENSG00000137809"
243.276976467197,-3.05941937441893,0.252710492941481,-12.1064200334862,9.76644618644854e-34,1.476581080189e-31,"ENSG00000214814"
152.372544224853,-2.78260967676438,0.232981578917202,-11.9434750579713,7.02265855640064e-33,9.90371898264836e-31,"ENSG00000145777"
865.205449337359,-1.21215422458463,0.102434517560231,-11.8334547128792,2.62126666894031e-32,3.5764306697688e-30,"ENSG00000103485"
5654.05696431278,-1.19169286957485,0.10130846678268,-11.7630135705359,6.05343812161351e-32,8.06260306007285e-30,"ENSG00000155130"
1303.27274542406,-1.34805077575529,0.115316832492692,-11.6899740186735,1.43430484362297e-31,1.88050811606881e-29,"ENSG00000144369"
1492.12556609689,-1.63666556160095,0.140235513582012,-11.6708351529216,1.79650903782267e-31,2.33713292036745e-29,"ENSG00000143320"
630.874185291974,-1.27269766042535,0.110021597170821,-11.5677075515395,6.00661702396694e-31,7.75408053047793e-29,"ENSG00000181467"
2250.59694884394,-1.01572607077518,0.0892173129270376,-11.3848538747838,4.97515722233011e-30,6.27767582745442e-28,"ENSG00000116584"
153.23479367767,-2.56742576662668,0.230206828386493,-11.1526916235353,6.94725114058805e-29,8.63620508454434e-27,"ENSG00000154864"
669.401293086846,-2.04665329804646,0.184209975742451,-11.1104368251367,1.11612178704702e-28,1.36720845476081e-26,"ENSG00000146592"
1601.04659220405,-1.15647418415586,0.104823976652307,-11.0325349322683,2.66252680484122e-28,3.21457013229103e-26,"ENSG00000205978"
344.056124155505,-1.77069979427664,0.160961483915455,-11.0007670854147,3.78894960345582e-28,4.47789804543631e-26,"ENSG00000133216"
1231.10242762368,-1.42680863468099,0.130650259614716,-10.9208251012177,9.16593086322133e-28,1.06821285935125e-25,"ENSG00000092621"
160.225059048447,-2.49613816061719,0.229802835290769,-10.8620860028069,1.74711954957695e-27,1.9810919108784e-25,"ENSG00000163491"
2987.67071981722,-1.17308578791247,0.108464317806592,-10.8154074227826,2.9099678485105e-27,3.25567202891355e-25,"ENSG00000183160"
93.2605268616648,-2.66916930692962,0.254030382582506,-10.5072837343096,7.99635160712245e-26,8.13301652549873e-24,"ENSG00000126878"
516.800784800124,-1.19805291370273,0.114054272267047,-10.5042353073596,8.25894257398273e-26,8.34949242629989e-24,"ENSG00000112773"
178.654450436053,-2.48155124454082,0.237997874375016,-10.4267790250539,1.87124225374292e-25,1.84724632366551e-23,"ENSG00000125848"
262.805275325959,-1.46526359338731,0.141089559211165,-10.3853439019842,2.89125430779369e-25,2.80468380308634e-23,"ENSG00000110900"
353.799478277241,-2.58897794639092,0.249325210519188,-10.3839396786218,2.93411420436319e-25,2.82990256193236e-23,"ENSG00000164742"
5992.50455672065,-1.15570167506068,0.112446488608721,-10.2777924803163,8.87367332870242e-25,8.27322143346022e-23,"ENSG00000152580"
3431.57264316715,-1.77433844122911,0.172997903362672,-10.256415868286,1.1074099934053e-24,1.02112936864438e-22,"ENSG00000013297"
231.277302725498,-2.55661528107851,0.249337523575327,-10.2536322829329,1.13978105635952e-24,1.04523528348773e-22,"ENSG00000172061"
785.211998028092,-1.99197346669252,0.194780828197427,-10.2267429763338,1.50495913632392e-24,1.35786151751548e-22,"ENSG00000099194"
591.684378009254,-1.32193859925241,0.129522457401991,-10.2062501420088,1.85911368670935e-24,1.66843026151638e-22,"ENSG00000164070"
786.116082755273,-1.70807890326892,0.168802250534307,-10.118815939138,4.55897306481716e-24,4.00569036511841e-22,"ENSG00000126950"
2121.08039267073,-1.13700032140856,0.112621721398388,-10.0957462493984,5.76905951435113e-24,5.01639154247879e-22,"ENSG00000170624"
685.723239064796,-1.64743990550446,0.163430995929447,-10.0803393881027,6.74925919869408e-24,5.83845710682908e-22,"ENSG00000088756"
133.150339732154,-2.57006942780986,0.255883216028693,-10.0439156100089,9.77164798723665e-24,8.36672431233701e-22,"ENSG00000177614"
816.794097566618,-1.20639090402058,0.120478743988644,-10.013309104005,1.33220420246489e-23,1.12914398614978e-21,"ENSG00000164484"
164.045430457896,-2.26134864480554,0.226039278697214,-10.0042287244894,1.46025088227009e-23,1.231453784234e-21,"ENSG00000128510"
228.718631937045,-1.56117186373603,0.15707645061257,-9.93893010472121,2.81837810857648e-23,2.2960204571908e-21,"ENSG00000127824"
251.543797733559,-1.52427984633156,0.154155022634407,-9.88796745174196,4.69462547443314e-23,3.7696270197099e-21,"ENSG00000167992"
136.921586068676,-1.95839294350809,0.198390904783736,-9.87138470709086,5.53945545508791e-23,4.40583608754906e-21,"ENSG00000134253"
528.391197527252,-1.11691518118632,0.113237040166054,-9.86351444322844,5.99147504240725e-23,4.69854832531208e-21,"ENSG00000143891"
9310.14519133022,-1.21479812434626,0.123308187503202,-9.85172314137466,6.73787445390641e-23,5.25930274816081e-21,"ENSG00000167552"
138.573185853026,-2.91965547500776,0.299190313115271,-9.75852274295687,1.69607701934881e-22,1.29970614332017e-20,"ENSG00000165272"
153.121849690958,-2.60787966447195,0.271088249035798,-9.62003950280989,6.58058866031983e-22,4.88652384502156e-20,"ENSG00000128342"
119.855227839028,-2.58234230164196,0.270003819425788,-9.56409545292277,1.13186889806705e-21,8.25870602059183e-20,"ENSG00000116991"
2493.98511104818,-1.30536335824461,0.136599791788747,-9.5561152850318,1.22259885300215e-21,8.84381635822504e-20,"ENSG00000140105"
87.3238286571985,-2.50719114914744,0.263627167420388,-9.5103671358324,1.89990812508424e-21,1.35102788793067e-19,"ENSG00000100784"
620.191163568236,-1.12388587930132,0.118379434901319,-9.49392840266717,2.22487881173412e-21,1.56225590872477e-19,"ENSG00000175130"
95.419786398675,-2.99860599124642,0.319477155046658,-9.38597938500012,6.23343976391275e-21,4.21812847249935e-19,"ENSG00000131771"
215.510751865581,-1.70098502399158,0.183200509954091,-9.28482690587396,1.61970228182435e-20,1.07438117365914e-18,"ENSG00000117461"
107.652179101487,-2.22122026455317,0.2400949480159,-9.2514244173354,2.21520606155673e-20,1.44652093871771e-18,"ENSG00000176771"
808.748017483607,-1.22704254456702,0.132653421834185,-9.24998788271592,2.24518123063045e-20,1.46041207024962e-18,"ENSG00000196950"
111.969948202533,-2.4507605878786,0.264983335009529,-9.24873478473831,2.271656004906e-20,1.47192784070782e-18,"ENSG00000116711"
401.594468468381,-1.20107933717977,0.130233840805948,-9.22248264926324,2.90299504702368e-20,1.86659244747706e-18,"ENSG00000171132"
616.845546159048,-1.33606537393935,0.145223203486871,-9.20008195563692,3.57676856644318e-20,2.29104313290265e-18,"ENSG00000169744"
560.687335820594,-1.02794980842438,0.111876645837558,-9.18824300396828,3.99309994281032e-20,2.53834103182738e-18,"ENSG00000184254"
237.715593495462,-1.66412562849725,0.181355450963031,-9.17604416994601,4.47218922480018e-20,2.81094680039688e-18,"ENSG00000185745"
158.263285028196,-2.36349732846994,0.259026275440613,-9.12454662929292,7.20371374146933e-20,4.46098612580584e-18,"ENSG00000108830"
714.29854936872,-1.20761532605419,0.135650222909669,-8.90242050585018,5.46418088085289e-19,3.10847062855841e-17,"ENSG00000075213"
318.948951565759,-1.18492952097033,0.133546867228592,-8.87276164211392,7.1353948956458e-19,3.99153990462426e-17,"ENSG00000143507"
1106.50519592118,-1.10276515525465,0.124501484780508,-8.85744581439158,8.18685849844649e-19,4.51946905660951e-17,"ENSG00000070882"
724.588192605061,-1.29761414404414,0.146507894068694,-8.8569571782645,8.22281032275459e-19,4.52443287988418e-17,"ENSG00000135069"
672.621155629475,-1.21560625156204,0.137260262562572,-8.85621394617316,8.27779345070868e-19,4.53980162384945e-17,"ENSG00000126785"
241.928200229275,-1.48507870300477,0.167995823067001,-8.83997397014143,9.57409055829183e-19,5.21663596588485e-17,"ENSG00000170989"
193.711245126177,-1.68693732185823,0.191006559120099,-8.83182928182867,1.02977534295205e-18,5.57473864691011e-17,"ENSG00000183876"
193.414395562819,-1.52773459464994,0.174011735910678,-8.77949172022592,1.64215079652223e-18,8.80465644320643e-17,"ENSG00000111728"
171.526821513788,-1.71483055968985,0.195513367660697,-8.77091208753483,1.77224779270126e-18,9.47193071882566e-17,"ENSG00000183496"
426.12530158249,-1.52017470717701,0.173801854694934,-8.74659657599916,2.19884087966312e-18,1.16406774897497e-16,"ENSG00000182580"
7908.12960335272,-1.18549171848168,0.13562176326023,-8.74116137398221,2.30726169801374e-18,1.21762471119706e-16,"ENSG00000196230"
523.67753307386,-1.02114355598538,0.116833415137338,-8.74016697008313,2.32766152716607e-18,1.22453967864893e-16,"ENSG00000145632"
553.269926556431,-1.53209965179095,0.177577758655408,-8.62776770802704,6.25609764592098e-18,3.12469734207875e-16,"ENSG00000164619"
4035.48330504944,-1.42050549280717,0.164731083949441,-8.62317820505056,6.51209948051312e-18,3.24290959887155e-16,"ENSG00000133110"
517.030621475995,-1.42746376324172,0.166164499310041,-8.59066629255302,8.64664267715522e-18,4.23055269411134e-16,"ENSG00000147883"
1727.81330600394,-1.11062029742777,0.130956352845718,-8.4808432221399,2.23567698653212e-17,1.06286490617513e-15,"ENSG00000169855"
56.1464843859419,-3.25031627051734,0.383315482754349,-8.4794807847622,2.26201102118125e-17,1.07234658071931e-15,"ENSG00000188176"
309.30615640905,-1.7199469339001,0.202867486832042,-8.47817933153613,2.28745202408801e-17,1.08135267234493e-15,"ENSG00000126861"
90.0360052786607,-2.54731077623932,0.302181015636965,-8.42975119025881,3.46400944714713e-17,1.59706061928635e-15,"ENSG00000183508"
114.903469824879,-2.01735830233116,0.240117530234554,-8.40154527810004,4.4064121031217e-17,2.02044830367728e-15,"ENSG00000272841"
241.89667346492,-1.46790191845166,0.176327352641365,-8.32486790315084,8.44228326294011e-17,3.79834846430726e-15,"ENSG00000149633"
1077.62700223375,-1.07501532528986,0.129433947996791,-8.30551290389835,9.93891692324559e-17,4.43603467568903e-15,"ENSG00000143344"
2195.05501916958,-1.22150614738697,0.147340275235185,-8.29037508880174,1.1289189378582e-16,4.99881731270088e-15,"ENSG00000113361"
402.933078383503,-1.25529596882385,0.15168990490017,-8.27540876665445,1.28015684761638e-16,5.65357689913106e-15,"ENSG00000155962"
155.838486168483,-1.69550951321201,0.205008256863049,-8.27044500136721,1.33459930631407e-16,5.86315328758184e-15,"ENSG00000135472"
196.030110621098,-2.20784943323334,0.268632264143678,-8.21885427750585,2.05456505597269e-16,8.84095147931634e-15,"ENSG00000049246"
169.20409821807,-1.99290326518311,0.242715349830042,-8.21086621253504,2.19598460775833e-16,9.42532319370853e-15,"ENSG00000025423"
782.338390814946,-1.14134595010257,0.139506667775292,-8.18130035147117,2.80797031418553e-16,1.19602430996603e-14,"ENSG00000151012"
1368.9219054175,-1.03449552861411,0.127283815945454,-8.12747104515963,4.38339286259079e-16,1.83905247549997e-14,"ENSG00000183801"
544.426327334242,-1.32941799513808,0.164406041535037,-8.08618699608293,6.15616453396693e-16,2.56996898529933e-14,"ENSG00000103647"
588.221528800905,-1.35810392182582,0.168749459076296,-8.04804903825965,8.41242434486624e-16,3.47727353092476e-14,"ENSG00000205208"
242.4421292061,-1.4084760427286,0.175933853802825,-8.00571358089572,1.18775887488969e-15,4.86169986302409e-14,"ENSG00000196155"
265.490437892683,-1.55390905213281,0.194558213195881,-7.98685918526779,1.38420048644056e-15,5.58862362960735e-14,"ENSG00000129682"
58.7524136478217,-2.61942980239887,0.328913353757067,-7.96389010199192,1.66713334672184e-15,6.66138852968711e-14,"ENSG00000128165"
46.8075965458274,-4.21185023753344,0.528851947811464,-7.96413864969818,1.66378622014787e-15,6.66138852968711e-14,"ENSG00000146006"
548.692187680578,-1.34399736270682,0.169102558602362,-7.94782393486534,1.89816162722972e-15,7.53072066859792e-14,"ENSG00000104321"
763.360161654028,-1.1420983629132,0.143856072653208,-7.93917379954088,2.03532414438375e-15,8.03689642142309e-14,"ENSG00000154310"
245.153955394251,-1.31336528831963,0.166255973281128,-7.89965775304093,2.79670274327199e-15,1.08644132957386e-13,"ENSG00000171033"
239.22106335673,-1.70225470231929,0.215819438315334,-7.88740215249803,3.08541893096117e-15,1.19307604837305e-13,"ENSG00000138669"
102.12210509286,-2.02480840508215,0.25842467356965,-7.83519768880128,4.68105620999948e-15,1.79354989306418e-13,"ENSG00000177570"
1645.91737938986,-1.04933629641735,0.134113305589066,-7.8242519771499,5.10684283216426e-15,1.94779628203138e-13,"ENSG00000101265"
184.343268997634,-1.25731671282588,0.162213974786111,-7.75097653875834,9.11885352824487e-15,3.40829843899789e-13,"ENSG00000114670"
65.549236530359,-2.27848330627191,0.294289635751438,-7.74231583267973,9.76221205365706e-15,3.61654398861971e-13,"ENSG00000132622"
1137.04634294187,-2.40963107849756,0.311307056273283,-7.74036768502364,9.91297176420878e-15,3.66430599442625e-13,"ENSG00000128606"
484.077789657041,-1.02939756786163,0.133740656639039,-7.69696810028337,1.39332662726346e-14,5.06121373565701e-13,"ENSG00000107821"
566.475839016294,-1.32362603133734,0.172553604650409,-7.67081066790223,1.70912671986927e-14,6.12875312240302e-13,"ENSG00000125398"
68.8289838616752,-2.08459044773757,0.272409747177139,-7.65240770324578,1.97250679497382e-14,6.99843742774855e-13,"ENSG00000196932"
96.7567144445977,-1.98590274558647,0.260115502108414,-7.63469585430077,2.26354145766576e-14,7.98041024003083e-13,"ENSG00000089041"
288.894444022564,-1.54919422059224,0.202932126359828,-7.63405109078339,2.27489693387828e-14,8.00363109944345e-13,"ENSG00000122966"
92.1114413835648,-2.0074160140199,0.263840001704131,-7.60845967652399,2.77381766706554e-14,9.69796001847789e-13,"ENSG00000016391"
387.918047174661,-1.09169603419023,0.14404519006668,-7.57884406751018,3.48647232869995e-14,1.20390902510787e-12,"ENSG00000205213"
329.883172304403,-1.04874144667816,0.139189012326808,-7.53465686081435,4.89620618785746e-14,1.66669639441428e-12,"ENSG00000077063"
427.013218754781,-1.40485059648323,0.190099443921076,-7.39008261942355,1.46737607897363e-13,4.81908128323589e-12,"ENSG00000007237"
5604.07659360667,-2.10780584478755,0.285659907363842,-7.37872480684824,1.59812767358325e-13,5.23823801134261e-12,"ENSG00000168398"
576.83949575666,-1.17047301122319,0.158971806860286,-7.36277101166674,1.80131222942237e-13,5.86982948236236e-12,"ENSG00000075240"
167.919940702057,-1.52246376958123,0.206969426506357,-7.35598390197244,1.89525857170344e-13,6.16399793610991e-12,"ENSG00000273179"
464.311702590345,-1.07506458299652,0.147267030035368,-7.30010364667726,2.87546135320654e-13,9.15673480635903e-12,"ENSG00000136960"
845.19034204392,-1.01600882531034,0.140247698676013,-7.24438857037804,4.34394376381209e-13,1.34254261960027e-11,"ENSG00000164171"
105.622482706562,-1.49645992805274,0.206671772073408,-7.24075626313016,4.46189645106127e-13,1.37142026083718e-11,"ENSG00000166592"
595.683472875096,-1.00525989536887,0.138981770886822,-7.233034152281,4.72320558390138e-13,1.44908292703899e-11,"ENSG00000161513"
1979.7948623473,-1.0168381569378,0.140870408223282,-7.21825236231369,5.26599249220379e-13,1.60388177865996e-11,"ENSG00000145362"
1054.92878892262,-1.07597920481616,0.149468397682107,-7.19870702771954,6.07861994048118e-13,1.83804324038117e-11,"ENSG00000103710"
84.5749847267979,-1.65185161977956,0.230098483635698,-7.1788896375121,7.02798471991426e-13,2.10613642088573e-11,"ENSG00000105516"
141.425808075386,-1.37078370123268,0.191145146091992,-7.17142825365267,7.42193310997132e-13,2.21627902938681e-11,"ENSG00000137266"
1487.72863675416,-1.1396906206346,0.15914846895917,-7.16117866598513,7.99863190084575e-13,2.3842458358791e-11,"ENSG00000178031"
1212.98843820386,-1.12077920970619,0.156629421633494,-7.15561098302953,8.33010627347892e-13,2.47426271648714e-11,"ENSG00000049759"
278.709777095984,-1.01441450405323,0.142284089850672,-7.12950060064946,1.00733739149857e-12,2.9606192826846e-11,"ENSG00000128602"
221.111604295128,-1.21040409925353,0.17000670890672,-7.11974313859379,1.08128383482323e-12,3.16685956649275e-11,"ENSG00000012048"
118.307066785441,-1.88236503060885,0.264423642381849,-7.11874707440328,1.0891255909011e-12,3.18426927987843e-11,"ENSG00000182010"
342.105224836905,-1.03352326000651,0.145457649588021,-7.10532077847919,1.20043391209775e-12,3.50359685440424e-11,"ENSG00000159023"
284.172619498846,-1.11105765426552,0.156955543971477,-7.07880477587605,1.45403048374844e-12,4.18551279215545e-11,"ENSG00000101255"
222.262668967066,-1.21169400652136,0.171252716306044,-7.07547321092388,1.48939632603887e-12,4.27997416842197e-11,"ENSG00000185338"
89.0656758504806,-1.62021356351314,0.230041327300612,-7.043141258683,1.87953507113172e-12,5.32810093981967e-11,"ENSG00000162643"
69.7506634426487,-1.85951512618316,0.264125805583102,-7.04026296134892,1.91877367863165e-12,5.41190922265486e-11,"ENSG00000225783"
43.2170676125144,-3.19160308531703,0.454645764019839,-7.01997761311543,2.21903797706951e-12,6.20664922186342e-11,"ENSG00000184564"
134.535733471037,-1.8808307321792,0.270231164671511,-6.9600807681287,3.40077709871179e-12,9.3254642598989e-11,"ENSG00000100739"
565.941906304075,-1.44231676245941,0.208703873268465,-6.91082891693193,4.81829867020046e-12,1.29377101253287e-10,"ENSG00000225415"
3149.92922256505,-1.20884102196396,0.175176791224266,-6.90069165849927,5.17499495805986e-12,1.3873285205457e-10,"ENSG00000177606"
562.142033392034,-1.023615999183,0.148424777980186,-6.89653043860132,5.32879517294272e-12,1.4217462733279e-10,"ENSG00000107731"
54.8129633903873,-2.8327176110932,0.412132336580845,-6.87332043535857,6.2724451269149e-12,1.64990868526467e-10,"ENSG00000119714"
277.748160558649,-1.10771117159022,0.161390234052394,-6.86355762536792,6.71664118873383e-12,1.7612292567083e-10,"ENSG00000186469"
1874.11967514758,-1.25869423490182,0.183599961469765,-6.85563452642172,7.09966741750457e-12,1.85586633334208e-10,"ENSG00000112715"
26.2335725682209,-4.61155039132023,0.673094468710272,-6.85126769821255,7.319838996986e-12,1.91044382655395e-10,"ENSG00000267339"
284.232234651173,-1.00310448039892,0.146443925129688,-6.84975139467605,7.39784370074411e-12,1.92780454947031e-10,"ENSG00000055163"
648.755202623655,-1.38442959518581,0.202304180918025,-6.8433068901665,7.73856207441407e-12,2.00414427056816e-10,"ENSG00000149256"
286.113578398288,-1.12667829839153,0.164703659988095,-6.8406391119236,7.88406440181914e-12,2.03554413525121e-10,"ENSG00000119514"
155.492941305224,-1.55570655981378,0.227568838592806,-6.83620204520815,8.13202325247628e-12,2.0963381601084e-10,"ENSG00000246763"
307.266600393489,-1.16454753432347,0.171627295026369,-6.78532825530197,1.15822860622779e-11,2.9450594651083e-10,"ENSG00000127589"
153.558087557533,-1.48626022653342,0.222456697292088,-6.68112151544686,2.37120501412696e-11,5.82629027043612e-10,"ENSG00000154263"
242.949596836004,-1.5866669389166,0.23797958055858,-6.66723983289834,2.60658957480354e-11,6.35810846574899e-10,"ENSG00000138944"
139.259013593708,-1.2418980533528,0.187128117191441,-6.63661918899274,3.20959424035816e-11,7.76129834894677e-10,"ENSG00000166793"
96.6265531490933,-1.45056598598026,0.218643154179617,-6.63439928601016,3.25826729472866e-11,7.85929262581527e-10,"ENSG00000124249"
105.732178254357,-1.66679939164681,0.252498054024838,-6.60123658411582,4.07742246670724e-11,9.7474791789574e-10,"ENSG00000129467"
64.0420778243889,-1.70886397699646,0.25907134011802,-6.59611355010548,4.2207570607585e-11,1.00614694593252e-09,"ENSG00000102524"
200.64540318736,-1.50548246262166,0.229164536201091,-6.56943909200943,5.05051480866081e-11,1.19377097914008e-09,"ENSG00000092969"
247.334411119207,-1.03242680124572,0.157488508819149,-6.5555690950843,5.54300761798384e-11,1.30649935175569e-09,"ENSG00000121858"
90.3336253586407,-1.40228221436776,0.214141459187015,-6.54839198206412,5.81599003483699e-11,1.36700202751589e-09,"ENSG00000102984"
348.470851504488,-1.58925463681767,0.24480325641337,-6.49196689660897,8.47228777142468e-11,1.95304853544023e-09,"ENSG00000064309"
77.7765759900729,-1.51953650023858,0.234800001903514,-6.47162047665997,9.69574053645085e-11,2.21983516620352e-09,"ENSG00000143786"
89.1273208266447,-1.76027505577904,0.275531868815523,-6.38864412797781,1.67363037127297e-10,3.73495543759348e-09,"ENSG00000272168"
489.573707564817,-1.32012033732806,0.208072988618965,-6.34450606054173,2.23140203224553e-10,4.94028877376577e-09,"ENSG00000161381"
1731.79946850142,-1.08260489363922,0.171301463185513,-6.31988118202356,2.61764491233937e-10,5.74239436848095e-09,"ENSG00000079257"
45.0598704159493,-2.17881337697698,0.345601763954147,-6.30440467678301,2.89303706819572e-10,6.31351730539148e-09,"ENSG00000149403"
145.132789273426,-1.14864031768708,0.182304413429754,-6.3006720247597,2.96357892196546e-10,6.45906252836679e-09,"ENSG00000176293"
288.772414254897,-1.37189404402425,0.218050321754131,-6.29163962239493,3.14130086775832e-10,6.81983326813974e-09,"ENSG00000137872"
434.005232482326,-1.04016853210243,0.165973798814185,-6.26706467848546,3.67917365425813e-10,7.93623293904368e-09,"ENSG00000175197"
47.8952364349195,-2.10021646271161,0.33854739242331,-6.20361139891919,5.51819468358481e-10,1.17075022983464e-08,"ENSG00000254726"
657.835595221266,-1.15583508230319,0.186557561046852,-6.19559494569568,5.8065277084526e-10,1.22881649436635e-08,"ENSG00000135744"
101.442150576676,-1.35776459750649,0.221273827367734,-6.13612831512163,8.45568684700019e-10,1.76277436852618e-08,"ENSG00000215386"
52.0696653351768,-2.27170593179801,0.370996530971555,-6.12325383703435,9.16834561068768e-10,1.89486669998227e-08,"ENSG00000157368"
72.2700084929553,-1.90476025660625,0.311360316217666,-6.11754342924892,9.50288674238694e-10,1.95918237482479e-08,"ENSG00000040731"
115.634967388118,-1.26008961866577,0.206450351618842,-6.1035963793959,1.03707982966792e-09,2.12506394401552e-08,"ENSG00000070193"
18.9609226599384,-3.94797074956821,0.65293593217058,-6.04649025279375,1.48035184035458e-09,2.98596930106136e-08,"ENSG00000143494"
101.371500518373,-1.28904768039566,0.214735861844788,-6.00294552256666,1.93769647590359e-09,3.85289363253721e-08,"ENSG00000105711"
136.253161853704,-1.29767209896923,0.216583125595622,-5.99156603452148,2.07829903011198e-09,4.1081288955641e-08,"ENSG00000137331"
143.606718762239,-1.01746089322626,0.171182841947922,-5.94370838600631,2.78645125190905e-09,5.40603756179626e-08,"ENSG00000105486"
151.372682040395,-1.33991610381254,0.226512732799424,-5.91541185015424,3.31046169534331e-09,6.37112020312517e-08,"ENSG00000147655"
26.083748356193,-2.95306982526042,0.500438341062952,-5.900966378771,3.61378551026377e-09,6.89165323105074e-08,"ENSG00000124134"
42.1351059080251,-2.6792998721839,0.45818260998212,-5.84766818690141,4.98511701748197e-09,9.32016552370857e-08,"ENSG00000123689"
175.804473619016,-1.07807902438279,0.184636775360221,-5.83891818019185,5.25408626931211e-09,9.78624592359554e-08,"ENSG00000160460"
146.322221914289,-1.4876392096133,0.255176423001931,-5.82984584591517,5.54786023493080e-09,1.02991361131204e-07,"ENSG00000166473"
71.4233338911647,-1.72192112734261,0.295832672798,-5.82059145481326,5.86397457792205e-09,1.08499692796789e-07,"ENSG00000235109"
322.731987785416,-2.57051061609537,0.442291116477047,-5.81180702106362,6.1802060677645e-09,1.14099249977144e-07,"ENSG00000123610"
144.074833768629,-1.03283943669741,0.178199208965622,-5.79598216340376,6.79224828482552e-09,1.24576514443652e-07,"ENSG00000133069"
7614.37672660506,-1.63181506919436,0.282539886626093,-5.77552107307903,7.67152974955852e-09,1.39483870267704e-07,"ENSG00000164761"
31.7093672302088,-2.18976464767079,0.379894352567559,-5.76414109046637,8.20747352755733e-09,1.4874494680288e-07,"ENSG00000131242"
184.825122377444,-1.044193719049,0.181761602525262,-5.74485317328712,9.2000781840846e-09,1.65129103834554e-07,"ENSG00000261597"
128.229713812865,-1.93356301015136,0.337630979502378,-5.7268530660343,1.02310707842141e-08,1.83046726973008e-07,"ENSG00000204103"
124.730361234624,-1.0483267196755,0.183731705468299,-5.7057475028793,1.1583360482809e-08,2.05271336454595e-07,"ENSG00000196476"
105.05642689408,-1.19713042901983,0.211685085068562,-5.6552422133666,1.55626646660526e-08,2.72054831693433e-07,"ENSG00000175538"
64.565342574033,-1.48666118291222,0.26396715312211,-5.63199309205148,1.78138820471167e-08,3.09154672714284e-07,"ENSG00000272341"
50.8394476068506,-1.81245803117113,0.322264717927463,-5.62412802377917,1.86447342646208e-08,3.22906016954455e-07,"ENSG00000172738"
439.384701506224,-1.10561535607021,0.197246044881216,-5.6052599520362,2.07942634284852e-08,3.57184574060224e-07,"ENSG00000196739"
34.4574837048717,-2.09083583348324,0.374446747778928,-5.58380022228866,2.35319006013584e-08,4.00926249636545e-07,"ENSG00000028277"
256.231106320041,-1.05180367003051,0.18868002625669,-5.57453637726116,2.4818994215498e-08,4.21144955434264e-07,"ENSG00000140022"
136.751971855613,-1.11394100932397,0.20018464731435,-5.56456763427393,2.62803187324791e-08,4.43698499968274e-07,"ENSG00000235649"
39.28772884718,-2.37819505289268,0.428720080760611,-5.54719771621945,2.90284423680036e-08,4.86182953912012e-07,"ENSG00000117600"
69.2128783569842,-1.68023362017422,0.303853146728752,-5.52975553573633,3.20677359227745e-08,5.33889627238097e-07,"ENSG00000168843"
24.2886725181586,-4.02506001577834,0.7299361624818,-5.51426305842012,3.5024440601812e-08,5.81960556613473e-07,"ENSG00000155897"
91.2060763280405,-1.44725532895201,0.263541837913826,-5.49155815413731,3.98403093637564e-08,6.53568007568485e-07,"ENSG00000148541"
142.686505313766,-1.07171123460265,0.195443922348202,-5.48347178938261,4.17058810125278e-08,6.82171632701989e-07,"ENSG00000124225"
81.467114628972,-1.28107718131701,0.235525517852457,-5.43922880627961,5.35116958495037e-08,8.57720420006086e-07,"ENSG00000109265"
244.336648201329,-1.29283272324141,0.237719248075197,-5.43848566621937,5.37353319944363e-08,8.60483150315486e-07,"ENSG00000125965"
58.0298141975753,-1.5574557174533,0.286545101719695,-5.43528997043137,5.47073913817111e-08,8.75213958215325e-07,"ENSG00000248869"
161.940337057266,-1.02302971907967,0.18837803488719,-5.43072720602649,5.61248725223535e-08,8.95330428393666e-07,"ENSG00000120149"
123.159714798276,-1.03195174166625,0.190477479230523,-5.41770998773745,6.0367230056127e-08,9.59358764016973e-07,"ENSG00000105499"
93.3812373991456,-1.51173452724926,0.279729882749807,-5.40426540199627,6.50745311983606e-08,1.02446602492579e-06,"ENSG00000054938"
69.1122789706758,-1.32334653293803,0.245417563503459,-5.39222423222931,6.95908500300521e-08,1.09045158282384e-06,"ENSG00000152495"
118.379905137904,-1.00864133169664,0.187488426005048,-5.37975251693393,7.45883043203733e-08,1.16298125632727e-06,"ENSG00000107338"
52.6273494217319,-1.62640722715166,0.303044191082413,-5.36689788160091,8.01023782786509e-08,1.24010895966081e-06,"ENSG00000186198"
170.450517760676,-1.07322846207878,0.200011079978675,-5.36584504315067,8.05710929632333e-08,1.24506821556996e-06,"ENSG00000231924"
41.4976447528978,-1.8150020181451,0.338893005116363,-5.35567860871574,8.52359002826992e-08,1.31111721223122e-06,"ENSG00000109625"
169.747790008257,-1.08948742138674,0.203748789265995,-5.34720930274787,8.93207059919921e-08,1.37072697586668e-06,"ENSG00000189007"
193.294554170146,-1.12783219224652,0.211226225287072,-5.33945153218409,9.32281885184698e-08,1.42232314519724e-06,"ENSG00000206052"
110.999484660041,-1.0769627119056,0.202128486608391,-5.32810951081893,9.92402851027447e-08,1.51129806224525e-06,"ENSG00000102385"
76.954887366423,-1.29624511997036,0.243494735330714,-5.32350368154695,1.01787392030036e-07,1.54868178880151e-06,"ENSG00000188312"
88.8407294923007,-1.15217037711493,0.216485066847503,-5.32217022584078,1.02536552899448e-07,1.5586670568465e-06,"ENSG00000111816"
199.159402889829,-1.03859392506976,0.196573055783608,-5.28350094029708,1.26738213091996e-07,1.89734227663682e-06,"ENSG00000259660"
57.8987092898248,-1.61944368197559,0.307431420876363,-5.26765831989198,1.38174980469638e-07,2.05389948825639e-06,"ENSG00000157168"
108.790859498074,-1.5647965997761,0.297213657230659,-5.26488794073721,1.40274892813355e-07,2.0814263936284e-06,"ENSG00000164530"
36.0800634171715,-2.07117132804762,0.394051856326706,-5.25608824014884,1.47151706953525e-07,2.17768954682016e-06,"ENSG00000168811"
17.0525886100554,-3.06704092505355,0.583714833272526,-5.25434809983937,1.48549688304756e-07,2.19450780733312e-06,"ENSG00000122877"
67.0435340737273,-1.33911076567653,0.255138846846784,-5.24855694154915,1.53295259854142e-07,2.26063361236575e-06,"ENSG00000109881"
124.248595580077,-1.13489981538887,0.216569468855438,-5.24034999663976,1.6027232405865e-07,2.35524530853964e-06,"ENSG00000139354"
120.628856641819,-1.26177888436849,0.241108546519558,-5.23323997669296,1.66564261520643e-07,2.44129383130082e-06,"ENSG00000182985"
26.8284864165412,-2.70896938484106,0.521517206425858,-5.19440078191588,2.05380268995762e-07,2.97128592610937e-06,"ENSG00000181634"
80.200109629099,-1.23522039043496,0.240130639572151,-5.14395161165521,2.69018852699149e-07,3.82599524237045e-06,"ENSG00000153208"
108.309685930849,-1.32014785797257,0.257790574352448,-5.12100902559643,3.03905098810826e-07,4.25720815379238e-06,"ENSG00000130600"
62.9602514242751,-1.46690775413302,0.286728907409819,-5.11600929039354,3.12067696012389e-07,4.36063286800991e-06,"ENSG00000006283"
123.765113938943,-1.06682604681871,0.208881614452011,-5.10732382846365,3.26753499354737e-07,4.54588762983699e-06,"ENSG00000091262"
28.1192964289322,-2.15934020712576,0.423652312182982,-5.09696311109265,3.45145551957105e-07,4.78301622869046e-06,"ENSG00000235513"
81.8112904038176,-1.20895935684967,0.237957981017381,-5.08055813753674,3.76327538048798e-07,5.19796604406167e-06,"ENSG00000077264"
91.1577914225399,-1.28763725129416,0.254057708606899,-5.06828648638452,4.01412923286595e-07,5.50368601192454e-06,"ENSG00000171877"
65.4293136547963,-1.37473971877083,0.271286195304705,-5.06748866165765,4.03098505923047e-07,5.51976018482269e-06,"ENSG00000145911"
445.787471591791,-1.00559205745613,0.19850990921959,-5.06570206701244,4.06897892279427e-07,5.56279566213778e-06,"ENSG00000017483"
14.0876049307722,-4.32590664693737,0.857767767180283,-5.04321427366968,4.57776132046585e-07,6.15976557420123e-06,"ENSG00000019186"
108.535996213671,-1.38272265273982,0.275001612451047,-5.02805289182061,4.95485223632187e-07,6.62568368366164e-06,"ENSG00000165895"
322.818367541159,-1.05409828463713,0.209639130441448,-5.02815615776244,4.95218527672912e-07,6.62568368366164e-06,"ENSG00000203727"
41.6521886975432,-2.10425179077051,0.419194921494752,-5.01974542837311,5.17400015636785e-07,6.8967490567248e-06,"ENSG00000150594"
23.585469416522,-2.31393098458046,0.461402324387078,-5.01499637578607,5.30344654052849e-07,7.03576599550586e-06,"ENSG00000070808"
15.0228073646638,-4.04535569675162,0.812001089420503,-4.9819584597339,6.29439491292624e-07,8.22043077266367e-06,"ENSG00000108700"
437.585149037829,-1.10651370572436,0.223637621403942,-4.94779768617614,7.50578617402153e-07,9.66708392727777e-06,"ENSG00000106483"
42.1562496986898,-1.62926572002327,0.330987836103878,-4.92243382476431,8.54744720917637e-07,1.08751523172402e-05,"ENSG00000160145"
57.2145439246373,-1.37679277757058,0.281746799222427,-4.8866314768093,1.02575836512232e-06,1.28560693677989e-05,"ENSG00000164929"
45.6114982788615,-1.46366445595346,0.301014015969151,-4.86244619288246,1.15943901974209e-06,1.44452157604393e-05,"ENSG00000167771"
78.0315852948686,-1.20528090405677,0.251492548864089,-4.79251138652274,1.64706420729873e-06,1.99718435887914e-05,"ENSG00000173947"
41.0823697386133,-1.53799765628271,0.321038933309864,-4.79068890625254,1.66209655844993e-06,2.01395699956006e-05,"ENSG00000107611"
33.6345237695309,-1.95510130500738,0.413865861053176,-4.72399752913222,2.31253226813291e-06,2.73687704681287e-05,"ENSG00000165105"
1441.85031149386,-1.45357980692985,0.30875342827881,-4.70789851640852,2.50283642886435e-06,2.93930027636119e-05,"ENSG00000129048"
28.7035272208389,-2.14628678642573,0.460688978941311,-4.6588628869699,3.17960891845487e-06,3.6825532691173e-05,"ENSG00000066468"
21.2157281322953,-2.16321717357115,0.467096069021218,-4.63120397931007,3.63545490952857e-06,4.16451906428044e-05,"ENSG00000243742"
21.1129408791883,-2.55663691350723,0.555134157222111,-4.60543974865577,4.11595147675188e-06,4.66715524884122e-05,"ENSG00000095585"
17.5128244945455,-2.82284609839492,0.613510758661344,-4.60113544635185,4.20194065869107e-06,4.75822996856636e-05,"ENSG00000015520"
16.4283478600928,-2.69125995960558,0.588873030965099,-4.57018715086153,4.8728885551342e-06,5.44452834435833e-05,"ENSG00000106003"
61.9618256195692,-1.63160668322201,0.357148898049942,-4.56842144027519,4.9141118754275e-06,5.4832862695096e-05,"ENSG00000187634"
37.8400888854461,-1.67381965905446,0.367671618394815,-4.55248535734697,5.3015851932166e-06,5.88823313782667e-05,"ENSG00000138135"
69.8436592394447,-1.0962518624636,0.242068875648088,-4.5286774663972,5.93540186181391e-06,6.5231115943e-05,"ENSG00000259583"
47.9140323100117,-1.42726029666231,0.315923981202684,-4.51773332062007,6.25051365722627e-06,6.84700523469786e-05,"ENSG00000109674"
13.5287795433078,-2.77262519388874,0.615499537843694,-4.5046746965923,6.64746934311482e-06,7.23931411525976e-05,"ENSG00000123405"
22.8004236186549,-1.97090268710539,0.441063359589312,-4.46852508660107,7.87607769417666e-06,8.42424065415377e-05,"ENSG00000261425"
53.2758637278162,-1.39386008544513,0.312303606917385,-4.4631571796539,8.07607652100543e-06,8.6052518206675e-05,"ENSG00000105088"
199.276331129231,-1.00535657184892,0.225650147066779,-4.45537742792339,8.37457320182622e-06,8.90070218322024e-05,"ENSG00000157601"
73.8587890213004,-1.0121658095309,0.228118810880559,-4.4370115977014,9.12163807741631e-06,9.63975631078089e-05,"ENSG00000056736"
46.2307472386117,-2.09597496062686,0.473111957064987,-4.43018809676576,9.41509306711343e-06,9.91905657296722e-05,"ENSG00000130032"
114.854745344428,-1.01033291196141,0.22815400260603,-4.42829361054877,9.49815465836616e-06,9.98109151388234e-05,"ENSG00000109794"
39.9869785676959,-1.58064029634923,0.357936104128779,-4.41598452382034,1.00551278594921e-05,0.00010526834419089,"ENSG00000165891"
35.8449132454698,-2.00438067283172,0.455178870340037,-4.40350113645294,1.06517725681544e-05,0.000110823339887643,"ENSG00000100302"
53.724658327251,-1.46594021213656,0.334800116983286,-4.37855346451311,1.19469634433433e-05,0.000122701309979306,"ENSG00000145423"
109.655568696272,-1.02795849487694,0.235716405429392,-4.36099682160161,1.29471247555829e-05,0.000131766008216457,"ENSG00000138311"
47.744017256153,-1.73648985874072,0.399226866453526,-4.34963176242765,1.36366327426232e-05,0.000138277927907374,"ENSG00000179388"
109.439729244352,-1.16788036629305,0.268958267980355,-4.3422363441839,1.41039690866598e-05,0.00014250018616034,"ENSG00000183696"
13.4570877569969,-2.64651399322101,0.61000269094834,-4.33852839092661,1.43439957268856e-05,0.000144577138912069,"ENSG00000173110"
33.4412882154771,-1.65061099079032,0.382471577084407,-4.31564353977093,1.59138602706202e-05,0.000159442628693462,"ENSG00000230417"
96.4180429331388,-1.06038002718109,0.245949484089438,-4.31137325254762,1.62243765505122e-05,0.000162150556759746,"ENSG00000118997"
18.3335154026563,-2.19415584390562,0.513685642439413,-4.27139803535469,1.94251340788725e-05,0.000190820654258991,"ENSG00000267528"
42.2003491380068,-1.51255909208441,0.356071709152993,-4.24790583807521,2.15778045515118e-05,0.000209680785167035,"ENSG00000064692"
59.9423683987137,-1.5454649133959,0.365301833243814,-4.230651950669,2.33014976371781e-05,0.000224868161786729,"ENSG00000041353"
37.441755338472,-1.53673974866325,0.364389701889372,-4.21729741728486,2.47247774213006e-05,0.000236874350224631,"ENSG00000169302"
2399.38459033003,-1.26825269419635,0.301926617434802,-4.20053291416154,2.66287450979657e-05,0.000252619333088785,"ENSG00000100292"
92.5630942356967,-1.2431462058544,0.296066608988921,-4.19887338899782,2.68246245343131e-05,0.00025421677640829,"ENSG00000132326"
93.0879082600291,-1.05325368824883,0.252258677524836,-4.17529219840272,2.97603809553033e-05,0.000277929167051698,"ENSG00000144063"
1446.12215245373,-1.55913177642739,0.374360791844386,-4.16478384059912,3.11647690841281e-05,0.000289273868788627,"ENSG00000185585"
34.5889668155539,-1.44333532517809,0.353030632559565,-4.08841384305245,4.34332800790876e-05,0.000391459348167158,"ENSG00000102575"
11.2052805172293,-2.93265925532835,0.718382777772764,-4.08230729642575,4.45907820682933e-05,0.000401245310815066,"ENSG00000140600"
58.312011174181,-1.03636131541547,0.25473610217671,-4.0683723530344,4.73426844938099e-05,0.000423059068783343,"ENSG00000079462"
50.9615814902555,-1.52051704825834,0.375917065240673,-4.04482049061769,5.23632307641245e-05,0.000462505125622914,"ENSG00000184408"
35.2187984451854,-1.77120039722364,0.438792217654257,-4.03653557643368,5.42463029201162e-05,0.000477629305144486,"ENSG00000171509"
9.24973728350207,-3.49437885757457,0.867129227906171,-4.02982478864463,5.58184428906635e-05,0.000489929450099956,"ENSG00000175489"
31.7909395998817,-1.61399740677298,0.400614128884503,-4.02880799852742,5.60603793877899e-05,0.000491282134144067,"ENSG00000121621"
73.7826528021649,-1.07943028832662,0.268043035377324,-4.02707828915272,5.64742326703698e-05,0.000494650612042874,"ENSG00000150636"
45.74943044923,-1.58275977395476,0.394109374730609,-4.01604193007753,5.9183730359254e-05,0.000515959149552728,"ENSG00000163485"
74.9069226343804,-1.00851273626493,0.25141941120171,-4.01127634276344,6.03913717310606e-05,0.000525395541933986,"ENSG00000152402"
16.150022148433,-2.12534693249596,0.530623021948823,-4.005380174969,6.19178154282385e-05,0.000537005053497002,"ENSG00000168918"
15.3548395166662,-2.25189380421739,0.56994006201898,-3.95110636062359,7.779074052994e-05,0.00066000212718577,"ENSG00000165495"
52.459835132426,-1.09724435615593,0.277934445375855,-3.9478530797869,7.88551703859286e-05,0.000667346177214651,"ENSG00000176909"
61.9785926782615,-1.19102083699076,0.302502530013735,-3.93722603555311,8.24289558001014e-05,0.000693951189077305,"ENSG00000162595"
48.7026023586645,-1.23033022607634,0.312987228661191,-3.93092788909982,8.4618651221027e-05,0.000709325776619019,"ENSG00000164509"
38.4040454108137,-1.45318904564287,0.370359659327172,-3.92372389661137,8.71906572912658e-05,0.00072868751371175,"ENSG00000142149"
10.3958962831216,-2.80432477306194,0.716026734274472,-3.91650847492933,8.98406589694383e-05,0.000748612680648021,"ENSG00000084710"
37.9959323339794,-1.28197944496583,0.32818837642434,-3.90623049765862,9.3747092080621e-05,0.000777688432672754,"ENSG00000256340"
37.9032472274091,-1.26061267808201,0.325409367870394,-3.87392866509023,0.000107094772686293,0.000877573187891595,"ENSG00000178662"
66.6914993629285,-1.01463507036114,0.262239929714685,-3.86910975557787,0.000109233465106388,0.000892481018215869,"ENSG00000061337"
167.281794066754,-1.0333579586394,0.267963144263695,-3.85634360829301,0.00011509567511936,0.000934463289720903,"ENSG00000162745"
10.3540691139134,-3.77980875120121,0.988486732870126,-3.82383356853594,0.000131392624684891,0.00104951500593139,"ENSG00000122679"
14.6398550827017,-2.23139611266928,0.583602825709655,-3.82348407918678,0.000131579091573383,0.0010505044313913,"ENSG00000171227"
67.0874257215675,-1.12967181562927,0.296312074942405,-3.81243935418037,0.000137601998593843,0.00109338860814483,"ENSG00000186952"
16.9409341878249,-2.60493041637026,0.684149238785836,-3.80754705068919,0.00014035204162262,0.00111050823314984,"ENSG00000176387"
45.1213416128722,-1.2905095144199,0.339284705497818,-3.8036182990518,0.000142597847844347,0.00112721482926229,"ENSG00000134259"
25.891624639213,-1.81754455256922,0.482559237853901,-3.76646929536036,0.000165572435875398,0.00128879249483345,"ENSG00000223764"
71.6195676361844,-1.3720587545385,0.36489211400196,-3.76017650666776,0.000169793513012386,0.00131554696924001,"ENSG00000073756"
11.1292800326444,-2.4740457486544,0.658895043545945,-3.7548404300326,0.000173451947118906,0.00134203346083424,"ENSG00000206172"
81.5939720206617,-1.02266862810706,0.272748461318996,-3.74949366592754,0.000177191972003177,0.0013682448550531,"ENSG00000173320"
16.8065994873514,-1.83217168013256,0.489386128396612,-3.74381612763597,0.000181246311217289,0.00139590435743394,"ENSG00000139269"
710.671075886028,-1.27457471963999,0.341638738663703,-3.73076754885997,0.000190897296374448,0.00146351686969209,"ENSG00000171617"
24.9710419794864,-1.50514073645035,0.403732510302531,-3.72806424561275,0.000192956194274688,0.00147607379187428,"ENSG00000132321"
29.9982579184615,-1.48958095479929,0.39956144941653,-3.7280397219864,0.00019297496718938,0.00147607379187428,"ENSG00000141431"
56.6008043926081,-1.05360070625933,0.283736014065911,-3.71331327018142,0.000204563412443992,0.00155592798980193,"ENSG00000203722"
104.839762967995,-1.03123964656167,0.27976065775975,-3.68614963526167,0.000227672517106997,0.00171182803857062,"ENSG00000117152"
14.1401639429426,-3.27093372257882,0.887709580741126,-3.68468899462367,0.000228982065597399,0.00171936332208302,"ENSG00000108688"
17.3541271696118,-1.84593883541128,0.503080207988739,-3.6692734202189,0.000243240816489848,0.00181773821711052,"ENSG00000223949"
53.4365283575179,-4.12478447879795,1.1297976633824,-3.65090547846339,0.000261317404823315,0.00193446347055354,"ENSG00000141469"
46.6671994824142,-1.07284748948502,0.294198830324438,-3.64667489772785,0.000265655682688581,0.00196052491947219,"ENSG00000134070"
29.2639528562967,-1.31237355427814,0.360519117683043,-3.64023290279973,0.000272391541071882,0.00200406612988528,"ENSG00000240764"
64.5556294779621,-1.11899227265157,0.308404993367122,-3.62832086612661,0.000285270581799474,0.00209423049158301,"ENSG00000137203"
21.5534621417325,-1.98127300095306,0.546876131923801,-3.62289170306873,0.000291327816439525,0.00213589489536396,"ENSG00000108231"
44.9668659133349,-1.0740653234812,0.296816178368711,-3.61862122672767,0.000296176754942064,0.00216294094927664,"ENSG00000186907"
11.6951096018029,-2.49314647844573,0.693443421926829,-3.59531347419545,0.000324001202950845,0.00233966789497465,"ENSG00000260455"
36.1779284355662,-1.16743773456059,0.326445673461776,-3.57620832336527,0.000348613879556471,0.00249485634401565,"ENSG00000091428"
61.5684223835043,-1.03109974281186,0.289167404648607,-3.56575369919319,0.000362811993554833,0.00258873761727772,"ENSG00000178878"
9.59291057680542,-3.19591711514045,0.896539901329022,-3.5647237902104,0.00036423956002095,0.00259561286465885,"ENSG00000169297"
51.4822159299947,-1.11552080161851,0.314620097325001,-3.54561202892956,0.000391702447373935,0.00275851887193847,"ENSG00000120549"
51.3573930757199,-1.0375756135305,0.292926213528671,-3.54210570993826,0.000396946364546382,0.00278609531150873,"ENSG00000196511"
58.5046380592129,-1.40146571130549,0.396389410248546,-3.5355780832458,0.000406883977346809,0.00284973760055978,"ENSG00000177453"
44.376811426737,-1.05035530131454,0.298966954536765,-3.51328227208928,0.000442606996037906,0.00306808368752918,"ENSG00000112137"
59.419312449312,-1.13127696107949,0.323569400865469,-3.4962420984605,0.000471860377047406,0.00324672441476407,"ENSG00000178184"
44.4477529545597,-1.06408146956387,0.304787086156429,-3.49122885415736,0.000480804218084607,0.00329879656087321,"ENSG00000260230"
11.3934856864641,-2.20697443334409,0.635426443708485,-3.47321779758442,0.000514257854109623,0.00350254679694306,"ENSG00000175928"
17.9303658327553,-2.01375959461489,0.584042741395153,-3.44796613652702,0.000564824847822406,0.0038022024051968,"ENSG00000183831"
26.3220865807901,-1.44346427256092,0.419075748236095,-3.44439944004518,0.000572329488590922,0.0038496326563258,"ENSG00000145242"
19.0094500274597,-1.67225463836845,0.48679492575032,-3.43523432540082,0.000592041657094361,0.00397266816847563,"ENSG00000128594"
19.9435924490582,-1.8384383740477,0.536359388207198,-3.42762411634623,0.000608887894299018,0.00407105842315781,"ENSG00000130592"
36.1481178397062,-1.15113398312671,0.336897461962912,-3.41686748371358,0.000633461058538459,0.00421854900174303,"ENSG00000102935"
22.3218288432107,-1.47477326860315,0.431970770537654,-3.41405800852583,0.000640029471525869,0.00425553668428968,"ENSG00000126860"
8.39945250963307,-3.1187396984275,0.916563766584344,-3.40264345169323,0.0006673731035423,0.00442157734845909,"ENSG00000136267"
43.9115273865743,-1.07354501976107,0.315569451411865,-3.4019294800495,0.000669119012863584,0.00443139513570508,"ENSG00000256616"
48.7751052551303,-1.08511570975938,0.319222361306963,-3.39924717465497,0.000675716199254614,0.00446733584313048,"ENSG00000253540"
232.236422266965,-1.13135917561508,0.332882572183874,-3.39867349676136,0.000677134998891593,0.00447388958716485,"ENSG00000243137"
17.6402301824212,-1.65400822982496,0.487296770496642,-3.39425239395539,0.000688162380380029,0.00453603341223002,"ENSG00000272796"
20.5205768889407,-1.46303343276839,0.431071970822638,-3.39394238501846,0.000688941852210313,0.004538469388628,"ENSG00000123612"
34.6553678932809,-1.17150369927589,0.346135192322687,-3.38452640835129,0.000713011597282567,0.00467412524437345,"ENSG00000091831"
22.4119354700517,-1.56518005524176,0.464335132121863,-3.37079825963068,0.000749507230424305,0.00488285339323784,"ENSG00000227268"
403.748984350973,-1.26576420672243,0.375640355415937,-3.36961721091143,0.000752726701963495,0.00490192452943398,"ENSG00000103257"
7.56985625586309,-3.08794338544791,0.918523229046269,-3.3618566061244,0.000774203166078983,0.00502618086388297,"ENSG00000166670"
28.7985292074512,-1.23831678092519,0.369176440940461,-3.3542681590695,0.000795752050904707,0.00514761624610939,"ENSG00000119703"
16.979783757302,-1.62012354960252,0.485384877727802,-3.3378121650322,0.000844408111368876,0.00541285596829353,"ENSG00000064201"
13.1883989199954,-2.46229311895758,0.737742182400152,-3.33760652121967,0.000845033240176959,0.00541479489753713,"ENSG00000165388"
22.9678813160297,-1.6495385699991,0.495606158125446,-3.3283254111253,0.00087369747875449,0.00556447479637869,"ENSG00000172497"
73.6117336860918,-1.05894849068025,0.32296501884404,-3.27883339957511,0.00104237153903346,0.00646933401185635,"ENSG00000244586"
35.6617406101206,-1.08098536904613,0.329766412861459,-3.27803356219989,0.00104532966009103,0.00648529477103423,"ENSG00000206561"
34.8216106431077,-1.11380619598051,0.339981931447817,-3.27607467619632,0.00105260724875254,0.00652562055728299,"ENSG00000178038"
7.45189833914541,-3.00480312764165,0.918611976216897,-3.27102542252527,0.00107158276878831,0.00662124522305062,"ENSG00000188501"
13.3117287276299,-1.85567800173495,0.567566258370709,-3.26953544959134,0.0010772423829044,0.0066513177593457,"ENSG00000125657"
8.33145795249569,-2.55885438344821,0.786191153461805,-3.25474838044272,0.00113492869507646,0.00696393907158069,"ENSG00000258457"
41.5246352374074,-1.32974006642241,0.408876789825424,-3.25217791645782,0.00114524310312513,0.00701440502067371,"ENSG00000177272"
26.9016059381993,-1.32976843823252,0.410982410511339,-3.23558479443936,0.00121393823376836,0.00736259900220476,"ENSG00000167311"
75.7120149992736,-1.04367845573998,0.322855674272613,-3.23264708941966,0.00122648976960999,0.00743335186478689,"ENSG00000183775"
31.0880494881776,-1.39224209167752,0.4316802306231,-3.22516991261776,0.00125897924223481,0.00760280303820965,"ENSG00000168062"
15.0254644735448,-1.68124274042587,0.52167968519498,-3.22274910857894,0.00126966710193201,0.00765907739202839,"ENSG00000166762"
16.5437901189003,-1.62248257975618,0.50406935931598,-3.21876850828205,0.00128742373428755,0.00774524415872286,"ENSG00000160223"
19.7532188587697,-1.58577416724218,0.493699158205184,-3.21202526049907,0.00131802785713824,0.00790534077858969,"ENSG00000272327"
29.3949385089967,-1.17592472945067,0.366394112638342,-3.20945312407734,0.00132987729297885,0.00796502524295897,"ENSG00000179082"
33.1024748240159,-1.13826639267353,0.355463553080164,-3.20220282166828,0.00136380937468848,0.00814210207257987,"ENSG00000171817"
14.651110138126,-1.70247979347098,0.532974772540112,-3.1942971434785,0.00140171758590311,0.00833579891092348,"ENSG00000160097"
19.0698891655791,-1.42562159482782,0.44918341576238,-3.17380727961244,0.00150453552558943,0.00883453995466821,"ENSG00000110203"
60.5699589998721,-1.04328371408108,0.332222965866202,-3.14031184256311,0.00168768080966781,0.00973287262812551,"ENSG00000173114"
33.6639882396994,-1.12005274549031,0.357469264914866,-3.13328404823016,0.00172862067733896,0.00993823645327249,"ENSG00000005471"
51.5174922225301,-1.04575301798223,0.334121125105863,-3.12986201531224,0.00174888431824312,0.0100444136306489,"ENSG00000113368"
27.2783280601058,-1.13649479038785,0.367493579116357,-3.09255686349831,0.00198440211639464,0.0112347363772144,"ENSG00000092853"
7.42552197672761,-2.5566960341142,0.82811723457316,-3.08736001060527,0.00201942862639486,0.0114107916525786,"ENSG00000108602"
20.8042735305746,-1.37880382264931,0.447060346372192,-3.08415593965789,0.00204130568648583,0.0115150225312959,"ENSG00000196668"
30.6985249888312,-1.12027474216748,0.363617547565489,-3.08091496042475,0.00206365578577628,0.0116254687468605,"ENSG00000116299"
15.8714058698091,-1.50661629005763,0.49225854012456,-3.06061991261015,0.00220879293760261,0.0122863649581859,"ENSG00000213420"
11.0490039239026,-1.98620523946457,0.650683297135911,-3.05249150886027,0.00226950151826651,0.0125688482815695,"ENSG00000270093"
17.9991680687101,-1.69783433138105,0.557865845460594,-3.04344556168205,0.00233885753676417,0.0129071710562237,"ENSG00000004846"
8.68260344217088,-2.18610814609251,0.720419521383117,-3.03449321014435,0.00240940178884287,0.0132528944019538,"ENSG00000188536"
38.3310156748293,-1.01250421990737,0.334095622759703,-3.0305821176101,0.00244082803989416,0.0133862667207529,"ENSG00000181350"
19.928379437852,-1.35769072255784,0.45001627959987,-3.01698134957479,0.00255305519270923,0.0139063201051757,"ENSG00000124466"
11.5446252265659,-1.92675391977675,0.641150678597918,-3.00514993447439,0.00265449961800445,0.0143609969662639,"ENSG00000261827"
34.163972181366,-1.12168448675215,0.373804793646282,-3.00072258520462,0.00269339822461473,0.0145292860834087,"ENSG00000158806"
14.1186430680723,-1.55020105595896,0.519717759716951,-2.98277483687152,0.00285648054780712,0.0152949123928721,"ENSG00000159713"
543.791828858763,-1.53920639084297,0.51814078764056,-2.97063351806755,0.00297186189906267,0.0158028473986279,"ENSG00000172348"
7.4457878610527,-2.81679975632773,0.952713489828004,-2.95660740233274,0.00311043882719783,0.0163891316791316,"ENSG00000108684"
18.6658995490387,-1.66710982077626,0.564248571714663,-2.95456631057156,0.00313108857854098,0.0164874911815808,"ENSG00000184545"
14.3865287224361,-1.6050611427511,0.545231289163018,-2.94381700876892,0.00324191620367339,0.0169805985424615,"ENSG00000178734"
28.9463991388599,-1.19170573384565,0.405399569095867,-2.93958312906801,0.00328654095889174,0.0171768079639119,"ENSG00000184916"
20.0104813146806,-1.56975246618181,0.534605869520233,-2.93627989455212,0.00332174457320235,0.0173080228585837,"ENSG00000114115"
36.8485906220707,-1.04543850044721,0.358319932823225,-2.91761190121392,0.00352723061858918,0.0181911445117282,"ENSG00000077616"
21.5687267911938,-1.21454070352956,0.420217842345476,-2.89026447984816,0.00384917836735156,0.0196402892553645,"ENSG00000143226"
12.6110652930857,-1.87685386135926,0.650831611174276,-2.88377796827186,0.00392935690669439,0.0200007484404444,"ENSG00000130222"
13.9099420737003,-1.54303199348721,0.535536410610789,-2.88128307042159,0.00396059763103628,0.0201127114090058,"ENSG00000270605"
23.7761043008086,-1.17824427880407,0.409088563190278,-2.88016919763175,0.00397461806335172,0.0201516738184799,"ENSG00000104894"
14.7488605720807,-1.84439894717692,0.642846150175011,-2.86911409001173,0.00411623293098569,0.0207942868897658,"ENSG00000156453"
22.2503098763039,-1.18661057795661,0.417189870066019,-2.84429384100059,0.00445099791949252,0.022310769447136,"ENSG00000240498"
22.0014808141587,-1.37871141110332,0.48507929387005,-2.84223925557347,0.00447978587041984,0.0224149572085229,"ENSG00000055813"
20.0333117232276,-1.22657826991914,0.434175451123207,-2.82507513206008,0.00472695307054911,0.0234419995360388,"ENSG00000131730"
14.9234356782579,-1.97126444295591,0.698778104163256,-2.82101633009292,0.00478717658963739,0.0236637400669499,"ENSG00000167653"
31.3421073699627,-1.17878650883477,0.418598321093077,-2.81603257690243,0.00486207362625418,0.0239737922720991,"ENSG00000147234"
10.2481193205968,-1.93436244210872,0.692189070475193,-2.79455790999526,0.00519707317220705,0.025361233491125,"ENSG00000169129"
11.1240991177235,-2.02947985821388,0.73389396194708,-2.7653584352016,0.00568602791106887,0.0273026953944371,"ENSG00000147041"
11.2002541034903,-1.93727202353317,0.701497277210313,-2.76162443742794,0.00575145947504271,0.0275459454652302,"ENSG00000102468"
15.9100476483494,-1.62656270457926,0.589237511020056,-2.76045342354977,0.00577211878892196,0.0276133687330925,"ENSG00000111490"
27.8945075290442,-1.10253351452547,0.401406623850463,-2.7466749401131,0.00602027696360881,0.0285563278697804,"ENSG00000188596"
24.8813697517867,-1.06660499584154,0.390624494607197,-2.7305123221064,0.00632359691094551,0.0297679111807819,"ENSG00000271930"
13.8568125191898,-1.50860284927278,0.55335706897168,-2.72627374594901,0.0064053850208223,0.0300542180043752,"ENSG00000198944"
28.0488547427855,-1.10418673810119,0.406110103192762,-2.71893442054328,0.00654925914122909,0.0306240364748138,"ENSG00000170647"
13.4505961000108,-1.43559677477926,0.528944520551904,-2.71407816699064,0.0066460482271907,0.0310253495381918,"ENSG00000185972"
10.9422683850042,-1.64016730748824,0.606438287741868,-2.70459062470406,0.00683886123967689,0.0317586204119956,"ENSG00000211574"
27.2516535943158,-1.09407167344936,0.405333531592123,-2.6991886635974,0.00695087590662139,0.0321614556010257,"ENSG00000172137"
30.4668857751035,-1.0757094618564,0.400785438678551,-2.68400335452101,0.00727463763487408,0.0334840835952981,"ENSG00000247317"
16.550776536767,-1.32598763633806,0.494828873707345,-2.67968929622786,0.00736905244352861,0.0338360556123453,"ENSG00000203805"
527.140328373327,-1.52261396265411,0.569066413483504,-2.67563491110559,0.00745878467440421,0.034209708774488,"ENSG00000172156"
13.8056077068408,-1.83832226942855,0.697891025984156,-2.6341107722888,0.0084357961510362,0.0376614873654401,"ENSG00000144644"
15.229134057619,-1.44280213667084,0.547958029304933,-2.63305227683403,0.00846213215296512,0.0377690164337927,"ENSG00000229859"
33.8519764903656,-1.04876544246568,0.400342645174722,-2.61966956332611,0.0088015004477898,0.0390139409706309,"ENSG00000046889"
19.1035492937904,-1.31129481887342,0.500734385896901,-2.61874330145046,0.00882543312295292,0.0391096959781875,"ENSG00000162631"
10.9948155207941,-1.77209393546597,0.676813860446088,-2.61828848229849,0.00883720597058164,0.0391515286690341,"ENSG00000269959"
20.17809896809,-1.19052209724481,0.455680764909175,-2.61262311013303,0.00898503254824875,0.0396598674972937,"ENSG00000182379"
9.98620555547256,-1.62049612383878,0.620620045477869,-2.61109214187728,0.00902535727096566,0.0397855386712229,"ENSG00000273162"
9.29051305812544,-1.84519442417115,0.706993581920089,-2.60991679607597,0.00905642469691148,0.0399015277667547,"ENSG00000260807"
30.2523197214766,-1.14240780402457,0.438478338015989,-2.60539165787231,0.00917692915031947,0.0403477141736079,"ENSG00000078725"
15.6776083590321,-1.51141586305593,0.580208402337818,-2.60495342184984,0.00918867505147327,0.0403781997155864,"ENSG00000237886"
10.4576827344036,-1.67379548037739,0.643062847799803,-2.60284898451866,0.009245266754526,0.0405910889956032,"ENSG00000163823"
19.0881886658064,-1.15092277672204,0.44252377908462,-2.60081566487293,0.00930024122741496,0.0407830280320036,"ENSG00000229474"
12.1072114270442,-1.51215146098544,0.581725094834948,-2.59942621422319,0.00933797510847015,0.0408950673983158,"ENSG00000155011"
29.5644600577052,-1.02528328499261,0.395511607006689,-2.59229632412601,0.00953376146303185,0.04165466932377,"ENSG00000239467"
16.2082591046279,-1.50929195348458,0.583105995111629,-2.58836637959046,0.0096432351980011,0.0420563339638395,"ENSG00000171724"
23.3886247085434,-1.02712111601204,0.399308237099484,-2.5722512600113,0.0101039532620015,0.0436459571796421,"ENSG00000221994"
12.6065472908665,-1.4682037386181,0.570826478578979,-2.57206663270607,0.0101093432710271,0.0436580027726139,"ENSG00000229116"
14.5248775502547,-1.42548926415322,0.554687872732544,-2.56989441130356,0.0101729516329677,0.0438537051899471,"ENSG00000214212"
13.966130897177,-1.46602429188796,0.571282445857937,-2.56619873850023,0.010281989816385,0.0442215154019919,"ENSG00000198074"
30.1963444836677,-1.10735339707975,0.431790633952653,-2.56456094691756,0.0103306434463564,0.0443512044811341,"ENSG00000080031"
9.80830380975119,-1.95290557971613,0.762677649483321,-2.56059107152167,0.0104494271696356,0.0447924104114493,"ENSG00000266456"
12.058997987706,-1.56399440538293,0.612199546233619,-2.55471343454099,0.010627525209868,0.045451357816515,"ENSG00000259319"
12.5585063071606,-1.42020741968245,0.557808653677259,-2.54604766405105,0.0108950310813051,0.0463683694028858,"ENSG00000164483"
14.7517004915548,-1.56306474440306,0.614137037738982,-2.54514000679339,0.0109233931228489,0.0464327212228089,"ENSG00000137642"
7.94988690466728,-1.81967117209723,0.716690673405123,-2.53899100354083,0.0111172681983806,0.0471136350770766,"ENSG00000228798"
21.0876458131151,-1.18981969895833,0.469624220961399,-2.53355692881976,0.0112911397915347,0.0476819094065261,"ENSG00000204334"
18.2320009274695,-1.12939603986071,0.446028822268066,-2.53211448111741,0.0113376967979195,0.0478515515044823,"ENSG00000157578"
12.5450440944225,-1.45421642346165,0.575741547477468,-2.52581462955573,0.0115430369863176,0.0485745352819412,"ENSG00000161040"
23.1624374872206,-1.04217728206839,0.413481362052257,-2.52049397558258,0.0117190244321471,0.0490812747742182,"ENSG00000187801"
18.0062628577334,-1.24845981776572,0.495954310948261,-2.51728796424548,0.0118262128227976,0.0494438225192301,"ENSG00000111110"
